vin,brand,year,cost
WZSLH08W7RNBMEEE2,Duesenberg,2007,464
YGEZY8M23ZZB00AWK,Rover,1978,323
7TP3LEK19P9F0BRHY,Kaiser-Frazer,1987,170
D2J238FLXYNKB5TMJ,Kaiser-Frazer,2003,349
ZNEWLMXC9NM2USPPZ,Kaiser-Frazer,1981,448
MR7HMK1C7B6L6VTXJ,Edsel,2005,135
YAYZ68592692830Z5,Faraday Future,1995,289
53JASL3265R1CEE6H,Willys,2009,411
DE7J58XZXWYV0NCM4,Bristol,2021,427
0BLGEH953VWE0ZXKA,TVR,1980,160
DC5B7A5Y5LKWJU2WC,Cadillac,1992,185
BCHWLB5W19927YZUR,Moon,2022,263
U85EWSVN8ECKX3ZT4,Edsel,1974,268
B917S5W63FMCTH8G5,Lamborghini,1997,240
ZCM3ZUW09HGTZH1AR,Kaiser,1975,335
NW5AZ4MD3X428TB0T,Frazer,2018,116
LVFHGJBZ8P44G25F4,Rolls-Royce,1997,249
HR2HHSE765AFVNY3J,Peugeot,1989,115
ZXX15U888MY73VJX6,Henry J,1997,380
GCNJK3WY04B8B9ZPM,MINI,1974,133
9DWPSYF2615CJW2E8,Oldsmobile,2019,198
5XVTG4578EJAT9W7K,Henry J,1985,203
5ET9GLWD35L7DZMFC,Lexus,2005,200
XDHK77ED3JM4B8X4U,Rimac,2014,269
J8UJKS847SP0Y7TBV,Buick,1987,353
PKR7PM7227UWE2WRP,Duesenberg,2001,471
TFSSCZCX0RUNDC4CX,Hudson,1975,147
14LW1D9Y0FJ6GZ1EE,Porsche,2020,152
G8VNA1C5289PCYB3V,Rickenbacker,2022,205
90XC8XY80AY4HGCY4,Plymouth,2021,289
FDDSP1MBXVURJPG3D,Packard,2020,270
BXGGDL35290TWUCLR,Koenigsegg,2014,177
6K0SKLPAX8WSNEM2Y,Studebaker,2016,449
XGVYMJNM3SR213UNV,Pagani,1995,143
G9FKFJ3177JDVKFVL,Saab,2000,476
5LMJ46LS8WP88JAHR,Edsel,2024,188
7KW5WAJEXCW8NEWTE,Kaiser-Frazer,1997,251
754RYN9EX9YEH0JXN,Vauxhall,1987,423
0EPZFU8U69L195W65,Yates,2020,467
YZGM7TKT9CSVE5W6G,Hudson,1975,337
DX9YURXF0VAEWVTKX,Graham,1988,207
L65HG9NV9LS689J11,Hudson,2017,327
GVTV61HZX55E91CYF,Koenigsegg,2022,486
SNY51ZFC5DMJT9HU0,Riley,2020,443
RH2B5FRJ4B0L7F7ED,Nash,1975,220
VN1L35WP7HTS91267,Honda,1974,221
L3VR6NMJ2EULXBTRV,Kaiser-Frazer,2012,367
ZHR312306T2ZMELS8,Nash,1976,440
ZATTY76C749JBD9M6,Volvo,1981,120
2RKDYC0U44UWTACZ7,Hudson,1996,482
FGHRK9016TF77YJS3,Marmon,2017,170
C9LRZDFS5TU6RLC6B,Ogle,1973,104
839LSGAV15TWGDKM1,Wills Sainte Claire,1978,392
7TLZFH1U7MU0LK1K6,Kaiser,2010,268
KC6A428P3UMFCKUE0,Hudson,2021,172
CARX9DHR320FJYVY4,Pathfinder,1978,464
0BEGKW268M2H9PF2U,Lincoln,1973,379
BAB1662E3APB5KLNR,Graham,2013,180
M0XV3N5Y220YLLHHD,Henry J,1993,177
12TKWP8G186P3XKRG,Monroe,1991,262
6U40PKF384N58AHLW,Ruxton,2003,268
EYKJ1Y6V4A0UL22SU,DeSoto,2007,406
F1UTA5540W6AKP5LK,Hennessey,1989,369
ACP21T2XX5DG5M25L,Kaiser,1989,137
92F0Z1XC774MXN5P0,Borgward,2010,236
WXM7W7UC0JEBDT3YU,Velie,1986,175
AA290E6T3U5VXR5R7,Nissan,1980,127
TDXG13M39DC6J9EY3,Dacia,1989,366
GSJXJKU34FPVDUBAU,Toyota,1984,399
L18GTVGY9C8UUZGKG,Mercedes-Benz,2015,350
MNZZH1373LH21TT6N,Henry J,1980,364
1F8C8A0280YP7H82G,Spyker,2013,445
BCZL19D03BCJ4808R,Studebaker,1999,329
KGV7GM7C3EV4L4H32,Graham-Paige,1970,451
0ZV98JCB2Z0MC82TB,Land Rover,1978,485
G4GK08XR89KA0TVT7,Bristol,1996,388
EAE0TR7H5TNK13TR3,Dodge,1981,345
LAJYG5HB80FJN3CAW,Singer,1986,124
1KWM1JZJ0DLSLRU5Y,Kaiser-Frazer,2014,270
R2UW85UV2P757B4YL,Lincoln,2011,385
VRFBV8PS5MP40Z4HJ,Frazer,1980,458
DHDU8VE81ERMU5UV1,Rickenbacker,1987,374
G8XUFBM851GGCRP8W,Škoda,1975,472
D4SBXDRN7K9NPKTUF,Bentley,2014,317
RGH40T0Z45P6M5L9J,Lykan Hypersport,1998,215
B7HULVHS0SRT5PNWD,Cord,2005,217
0D2H0RW955NWXTCVG,Franklin,2021,215
XTGLNHKW45NV2CEZM,DeSoto,1991,425
L6P2RXH49B4JMDBFX,REO,1991,488
GXEN3S8Y9LLUTTR25,Crosley,2004,261
0XVASGWT762AZPXP0,Tucker,1975,229
A33XUPPTXFKH2VZ93,Studebaker,1979,296
3HMP0UU22B6FNACAC,Triumph,1996,223
WNPP3TDS9M92VUBJA,Nash,2007,118
2KFG6Y6A2PDA3KG7K,Winton,2015,292
AZ8DSAB3XEXM47CAU,Mitsubishi,2008,174
KGBPA7B021YN5DWV8,Stutz,2012,338
2WLG90PP5YRUGMBDK,Stanley,1986,132
8F46BEBV01Z4T6RWP,Škoda,2004,139
2W596UWA222LJ2P9B,Peugeot,1992,469
JRMJNFTT74Y0KK309,Hudson,1971,414
1LDD7ND36LEFVDGTM,Continental,2022,129
ZBTLL779228R2ZBGE,DeSoto,1990,439
5HPWN4TT10W21RDHU,Reo,1976,363
8TKT8HM8XD24V9FG8,Rivian,2006,338
Z3KEPTYP9VZDRD8SH,Graham,1990,150
MSHENME81SSZZYPB4,Peerless,2002,313
7S077DS990WL0J4LW,TVR,2003,103
YVLW0ETHXLWWSCD8R,Jeep,1970,445
70PAYHTP8UB82HVTA,Volkswagen,2016,423
92KC7DHB29T3XJG8L,Volkswagen,1972,318
JB25J5614ZLG0YNM4,MINI,2021,324
PWG4K0NP5A0RJDNPP,Nash,1980,305
S2AZLSTR4YL9HPYCE,Rivian,1983,283
55BFYYM84RTH08BJB,Packard,1984,445
DPW79RP91MB7N8A63,Yates,2010,232
MVAMJF3N0NPHVTAES,MG,1979,182
SHK9BVKR5YVLBURXV,Austin,1993,270
7A067HXZXEHKWVS9S,Honda,2023,244
B47LY9TT4G3PDEDPK,Yates,1984,190
BJ9EM4M16LYGRSUV4,Reo,1994,187
5DG7X7SZ51VCNG89R,Willys,2003,499
WDR4LN0X1JP8D1NAE,Italdesign Giugiaro,2009,392
4H719GV77Z633SCW0,Nissan,2003,290
VC8LAA2W2JM1PN6SG,Reo,1996,470
YHFX69WVXR9427S1T,Studebaker,1994,172
1W1ER7R29NLHY4ZU5,Graham-Paige,2000,134
HMMP7BN55VXJAJFGX,Škoda,1974,274
4ZFMM4U2254SJWGCY,Daimler,2023,261
YV896U5U2MNDTC01A,Buick,2005,410
BG8YG2KM2SA234J8T,Hupmobile,2001,439
7X0X3HJK5US013EAU,Morris,1985,133
D29TRJHD5YWSN8T97,Studebaker,2023,312
716DJ905035JAEHMX,Maxwell,2018,305
E9HGK6GE66P6KNBPZ,Pierce-Arrow,1984,128
CSPWCCEG7ZN4XLAC3,Willys,1996,240
C3H1DJA202P42MH8F,Willys,2011,169
T1KRA6230GD77CH2A,Dacia,1971,344
EEZRYB4GXVFX647XF,Austin,1986,404
GVK1TDNT01RRBNVBL,Zenvo,1983,218
WZJPZNNJ4V11DKMD0,DeSoto,1975,242
WH5HRL534C3XTN0T0,Tucker,2018,486
5RMB6STA52JU7HXZ8,Toyota,2005,428
K1DSCLETXSZLXN1ZJ,Spyker,1989,355
FL4SNDZJ9A9Y566X0,Singer,1998,198
YFADNZTZ8YRNTRSVZ,Packard,2013,344
P30DJZ0M3NJF3T4ZH,Ascari,2010,342
1C6RURP13K6F4YALK,Hudson,2021,215
Z1JKC63D3BUNT0W7G,Zenvo,1995,280
0VCC9H5A0PFXRTH75,Playford,2000,453
16D0YL3P6RL16AYA6,Moon,1997,170
H26M28PX93X44GPP1,Peerless,2002,482
E9409UW9XPRM3MPTF,Moon,2011,436
AGW276M84F3GWTYSA,Kia,1985,203
RM4W59EV1WZB2PDBK,Studebaker,1998,179
84R45DFC7P13FA6VJ,McLaren,2015,420
3C8HR6G92ZSFHFSMJ,Packard,2024,334
6W5RE58B58YN5U18S,Daimler,1979,245
ULG8WU4C31V54F17Y,Rover,2020,455
HH8JKP606WSG625UJ,Hyundai,2018,219
6X3GDGMJ1XAFTE3AV,Packard,2004,294
72UCXSN13MJ4WT0KD,Tucker,1976,303
BYX1AX3C2RY1TY505,Zenvo,2009,463
5S5M5TLEXRYUW9B98,Spyker,1985,403
6FEE1NTN1C9WBEVYV,Tesla,1975,213
823FRFWT16SXAAWKK,Singer,2009,113
9W55D2TZ22K112WZP,DeSoto,1998,460
74HWVXDH2KE0CYYXK,Willys,1989,440
D3NXS3V15GMX4W4P0,Cole,1979,305
KT8S0ES159P2F4ASH,Acura,2014,322
MVTYCSY32VS0NX7W2,Reo,2021,179
CF7AE5YB5THDJK30K,Duesenberg,1995,198
H7NJTMNK95R3EF3RN,Nash,2022,460
4YYJS8HT5PCV9CYNV,Crosley,1992,382
6M9T3S6M5AHSBEDBZ,Chevrolet,1998,496
SZL6HM4T6UT7PR8W1,Packard,1998,451
DD8SXPFNXPN74PR57,Edsel,1978,375
RRRLXPM00YFDHV1DU,Cord,2009,131
EEUKLTSR5ZDW4WXWN,Rolls-Royce,1975,251
YF5EUJTW0J8T1NDT0,American Bantam,2003,234
K0525XYG2R22A5NC0,Audi,2005,478
1WZ6M39U551EZ5DFY,Mercer,1985,234
95KW8KVP6ABF5WYUM,Crosley,2015,237
MT2BM9PT2KFSMPUD7,Edsel,1995,205
PXPVY6M265JBD05UR,Continental,1982,212
FXG3FNFTXS6HBZ3X7,Vauxhall,2010,233
U65S4X7N3HH4WYUMS,Triumph,1973,140
8NEKKT7U4G1WF7W6M,DeSoto,2020,188
BZ3NNM6977PVA4F1C,Borgward,2001,183
NJKDWSPT4PJT3590E,Standard,1998,296
8U0P9XCF4UFD3D5XG,Stoddard-Dayton,1973,392
FP6J6XYN3WKYSX103,Stutz,1984,281
Z6FEHHJVX145ZM454,Ogle,1978,114
BMW10J231XFM51M6F,Polestar,1992,167
XZMDM59M99UY9PW5N,Ruxton,2008,274
BEF7NWFA5G4D790U4,Morris,2010,135
TB8M2ZUX6AHY2EWLC,Mercury,1998,216
0JTH3EPH0Y9BY7A27,Franklin,1987,347
KG6DAR573P1HW736Y,Ferrari,1998,236
UDAVJWMC2SSDR9GTH,McLaren,2008,439
CFAYESA151ME1TZ5B,Bugatti,2012,212
UHMKUZ8N6HY8YRUM6,Studebaker,2005,286
Y3RNASYA1SHJVKDB1,Moon,1982,425
3VUH1EDG3NHP9M3TG,Yates,2003,304
KN937DEG6GGKXBE6Y,Triumph,2005,364
M2JJV3TGXXFX4XYPY,Peugeot,1986,495
FVGMY76P5X7TF8DLF,Willys,2013,213
H2CFZW9U6HHA7Y4RT,Moon,1985,189
34G68W45XW3PBC500,Moon,1979,188
ZZT2ENAN2WSM33KU4,Hupmobile,2013,225
T16RLH2R22523VNLF,Studebaker,2020,154
YZH3VH2H3D0Y8C94N,Tucker,1980,309
EZPC525V1M5WGS7T5,Porsche,2010,440
F8BJGUWS3RCZ2CYEM,Mercedes-Benz,2014,262
EW3DGAWT7BR0JEAEB,Borgward,2000,287
L2VA87WFXF6JEXVD1,Franklin,2000,285
B47J7AF86MPKZPKXD,Ultima,1995,324
UPJX7XLW0V9WEWP31,Peugeot,1984,121
RRASM0MT080ULWTAT,Kissel,2010,116
29NR2L03004P455NU,Hillman,2001,332
D1ERRTSY4U7HHB8KW,Jeep,2019,382
R1R61X4G25RBVJ6H3,Tesla,1975,460
G032975004G0A38EU,Velie,2005,206
T6NJMBC604RDVPFP8,Renault,2009,441
SE277ZK15CVLSCLK1,Rolls-Royce,1992,481
FGTWRXX04747FMWZ5,Hennessey,2015,399
JXR32BPW28382JH42,Riley,2005,170
P9X64PKJ5Y2HDFHWN,Singer,1995,187
F2PU79610GKWG31GX,Faraday Future,1978,429
B7WCS4TB25C1Z1JG5,Citroën,1985,255
C9XGC8LX7SJ7PHLJV,Tucker,1973,176
GY5W0MJW6YNYWXC33,Graham-Paige,2013,260
FSU4698X9UCSZV98B,Buick,1972,362
5P9XJL4XXNGMM6U81,Cole,2009,238
17Z8BMSS9Y0BJ50B5,Gumpert,1973,461
PDPL1DUF669UTMR3L,McLaren,1998,360
FPXEZ9YP5JJP76A7J,Hillman,2009,379
4Z44MTXM8C8ZN6U1U,Henry J,1995,496
5LCPFGPWXUSHANJE2,Land Rover,2003,157
KRDUAE5R7SGNY48ZJ,Volkswagen,2018,332
8X5KV22F2TUSLJTUJ,Hudson,1989,202
C10VND1P1T0U98TJZ,Morris,1974,426
V5L3MF6C32UPH15NT,Jeep,1998,158
CESRWWRX9WCZD4V92,Gumpert,2004,495
W04VE91499M2U050S,Volkswagen,2012,268
623TH5ZN034VA61T5,Moon,1978,496
SAYD9WBW05LJPPDBF,Franklin,2006,243
7HCDW6UR576Y5DVV1,Chrysler,2002,416
B1VY8K59XRMV9GSK6,Cord,1982,325
WSNU3G8U45FSAA6F3,Cadillac,1996,173
M9K5DMZF3G95VR75H,Maxwell,2008,487
TC9319KZ8T3VWFX7U,Audi,1979,397
WMSWTPV5350N9FD6W,Bentley,1972,215
EX8BSV0F0SHXGBAPJ,Stanley,1993,443
RE3RHR9L5MWU3NA30,Apperson,1994,358
XF4ZDU5X1H7R4MKVZ,Graham-Paige,1976,273
1W49NBSZ25GHT8XY1,Rimac,1983,335
2HZLDUPCXAU07DSGC,Lamborghini,1986,232
33USNRUW85L910UGJ,Tucker,1998,252
L82P71GE66FM2W5X0,Cadillac,1971,437
SZEFA34695MEWXG2F,Peugeot,2014,103
DRT42MUY98YGBZ13U,Lamborghini,2019,378
FYDDKB1W1A9X36BWA,Stutz,1985,165
TGP6AHXL14HCYLVC0,Tucker,2020,122
DSBPGASH5D38P2HDX,Overland,2022,115
WNW18XKJ12C5RJTXS,Hudson,2012,309
GLGX7R7A1T0WKP1AD,Graham-Paige,2022,314
A2BGG1UW47A69M53H,Studebaker,2019,294
V8RDU6PX5FEF5LLYC,Volkswagen,1976,227
4X93FKNA42XRWZ3VE,Studebaker,1979,479
BGCX4S719YRUK4XUU,Ford,2022,344
S9KDPP7U3GN99NKY9,Crosley,2012,497
T2E1WYP61WZFM9CLV,De Lorean,2007,204
BPF78E9948YTHPL76,Studebaker,1985,330
15M4B8ND516Z1ML1H,Cadillac,2014,303
GLAC0U64866S4YUY0,Moon,1980,243
PERXY0HX3CCDSF4VS,Studebaker,1979,198
AEN53LN94UKG9G50S,Pathfinder,1975,156
5B8RC6F9XBF2484MN,Oldsmobile,2019,396
MGU70GTG007J52MW0,Crosley,1994,483
N094GM489S669ZX25,Nash,1977,203
Z2GEF27091051W1FR,Graham-Paige,1982,430
UEV4FPC658LRXFP7X,Hudson,1991,329
HRRWV1G385ANXUM4X,Standard,1980,129
K2ZX8N5U5M1L1KDP6,Willys,1996,124
LLWP38908VRWH54LN,Edsel,1984,183
ESW6X5JJ92DH61G7F,Franklin,1989,303
8GL2T0G896CJ2L0K9,Kaiser,1972,281
4G2BG73B3AJANXFL0,Toyota,2006,269
JDV1XJAB0W9ZL20AD,Peerless,2022,452
WWFSCZBS8FZHGLMLR,Ogle,1981,312
SD6RRHE28KKZG0SGE,Edsel,2017,394
N4YC2TEEXJW8RZBB8,Jensen,2007,278
PVLWK3NX7125JFAPA,Mercer,1993,210
3FGLYREV4SCUMJ58S,Fiat,1991,498
WYLYFY4S0JXGB1NSW,Nash,2011,289
SRKU1WUT0YEFGN0TC,Lucid,2020,282
5AFE5348X2C6PHP2X,Edsel,2014,120
XVHE5CJ53G3TRF1KZ,Toyota,2002,433
DT8GWHXD1UMNY16WY,Hillman,1973,290
73SKWZLJ9FBGYDMDJ,Nash,1989,466
AYRYKPSJ60NFBM3BX,Crosley,1980,117
MBFHSGM458RUAS12K,De Lorean,2016,428
DJKL8R1S3YX1MRRNU,Genesis,1971,119
9R51YF82XX6E11J2Y,Tucker,1982,161
0L7BUULD0EYBKMN5S,Lamborghini,2022,453
J7G7NEY238F68S6GL,Moon,2005,161
MN2Y5MUJ304P3CN9G,Ascari,1981,240
7NTRZZJH1WWEWB48R,Studebaker,1994,278
SP2YHGD3027Y57C2U,Vauxhall,1986,403
D58FJSG53AR1LLXXN,DeSoto,2000,211
RNDTRAJ81HD82EYUE,Triumph,1988,400
BYS5A3N55DV9Y2DFV,Maxwell,2001,274
86LED5CR8FTSEMJA6,Land Rover,1979,449
6JEGPT362DXFZL0JJ,Oldsmobile,1998,168
X748LYLH1CYCBC1ZJ,Willys,1987,414
ELY6HWL18CJSE6SR0,Willys,1996,379
0HUV4WDPXJXKG0RG0,Land Rover,1984,194
A0EFF3CD68JVV8PR2,Maserati,1994,159
2LACEP26X3W3013GE,Kaiser-Frazer,2001,168
S0K142X70DL1ZRUMU,Moon,2015,434
7GWDFTHA6BJ9T7JSD,Playford,2011,245
G0ACPWNJ09PV5EAZC,DeSoto,1992,216
9SHTT8AU3WGUB62C4,Crosley,1991,142
AZGASBGU4BBBMWR3W,DeSoto,1973,381
ZA1L9A3X948YJPTYF,Hudson,2000,481
MTDAA1728DZ0CNEA4,Mazda,1973,110
GDEYPJZG7ZC7YB1CB,Renault,2003,428
H7MHZEPG6WJE3WBKM,Subaru,2010,253
3CY6V75Z5X3WFLU4T,Plymouth,1995,439
XX09SMFL1DEKPXD0A,Aston Martin,2015,470
YWB2P84R07GRED5KG,American Bantam,1984,356
H9XT1VWZ8M6JY2185,Singer,2017,170
7LHY07BY2C31GUNTW,Holden,1974,217
L3ZZFF3X7F0X8CPGG,Land Rover,2005,127
1JG6MNAJ7M802KZ7C,Wolseley,1983,357
Z0XY1LPB07UJPFHZC,Case,2008,460
E496N4061BLHFLKXM,McLaren,2005,390
Z8C6MG9Z4JW2S7S8L,Tucker,1985,491
0HAGUM246P8BAY45K,Mitsubishi,2011,156
D45KHS2FXCMHKKSTC,Studebaker,2007,277
1L54ATEF0HW5GPARB,Overland,1972,311
3S04Y3SL77U6JP9WH,Crosley,1970,295
YNRDV8MY88SKDSJKU,Dacia,1984,267
9DXMAY909D5DYHK6W,Audi,1985,399
VRD0E3HM2DLNMLZR0,Buick,1978,213
0JB5PL9M5902DV343,Edsel,1982,356
Y7HC182A2R8J7FXMB,Graham-Paige,1974,276
KAPEEC435YYE5XPXP,DeSoto,2016,223
KY4X3X7E2V8R4E8CZ,Kaiser-Frazer,1990,303
EXFMCJ8Z7R18DR904,Cole,2005,405
YLN26B0V59RVTA4GX,Bentley,1993,163
9Z5SS7123ECWX1V65,Cole,2020,489
PX0J1L3D54N8GJ3Y3,Gumpert,2019,112
0CMPKAFG5EJ2G9D0X,Kaiser-Frazer,1989,360
110BAXM192FAZ7N40,Volvo,1989,308
HMNRV7KF63DPE7Y1E,Rover,1983,255
0JDGC9E09UW5XA3KZ,Packard,1978,238
SRTN9S41XKXG8MV9M,Kaiser-Frazer,1992,427
4DN287GB8NAS11D9D,Edsel,1980,237
10547VHY0WGPCY63K,Oldsmobile,2017,350
2HDV2VDV2CJLN1ZNN,Hudson,2017,323
919K05E28PZALHWXK,Dacia,2020,480
9XR03EDU9J80S6TVJ,Chrysler,1978,341
XTFPFYGGXD7MASL2Y,Bentley,1982,282
ZJEP2GWSX9P3008U5,Chrysler,1998,398
CH8N25GH9LM2EB3BS,Citroën,1985,296
R52UUHBX48HK0U2R4,National,2014,320
NEW8BR76828UGGR5Y,Audi,2000,293
SNHHRJNT0NUSP22PT,Moon,2012,104
6LHB0MG845KXWC47J,Land Rover,1999,110
UYBSTBHZ8TDJMFWTL,Bentley,2011,122
Y214XGVD61DRL1PNR,Morris,2010,383
NK7XGPB83WV0XZB5M,Ascari,1974,217
CTMEU8TL1CRMMHRKY,Dacia,1992,497
XJ66VU1CXSB1CE2KH,Packard,2005,112
HYUX3H3V0X6FF5PUP,Marmon,1985,346
7YDN0GGT727PEV8MV,Stutz,1983,374
ZE54Z5A3262GC30YB,DeSoto,1999,467
WHPEWSYT7T8BLLTNJ,LaSalle,1973,267
5HCTXKWY58HMUYJAV,Nash,2005,242
3T1G9D4S11DMPPZ89,National,2005,320
VKXAJJG32ZW9W31BB,Peerless,1980,262
FAZSTA0S5GPRN5YF2,Kaiser-Frazer,2021,262
352LP29E7TWK9PGDM,Pathfinder,2015,264
PML0L88FX2H8DNP0N,Nash,1991,249
Z3R41C601HGCMHCDW,Maserati,2006,402
4NDY5EWG9B0N768JU,Faraday Future,1996,427
KBLTRA3P4H93MRA3D,Graham-Paige,1997,242
FK6K0LBY3MJTHHPXZ,Donkervoort,2009,248
DMHFSUJB9W9HNY1AV,Rolls-Royce,1999,133
RX7Z5KKG5N7FYHTTC,Ascari,1996,182
RVBG54XN6TY9EU69Z,MG,1979,366
87J2DB6D4JZL1N4MG,Crosley,1973,248
SAUP7K1J21TZFJTS8,Ascari,2005,362
7RMEASG05WDWJCSNB,Mercury,1973,280
5V43C9TT2XY37TPZ2,Kaiser,1970,156
7TF3BFD17CNU58URF,Rolls-Royce,1983,463
0WH5JYJM0TWNEJP4S,Franklin,2013,488
X68F7V966NG98N4DH,Hudson,1997,354
7X8GKDHS0774KCTSS,Franklin,2002,158
5VYYVB4V03VE0JGVV,Wills Sainte Claire,1982,180
CDP210J30ZCJPZ57H,Studebaker,1984,353
68C0KT006Z9RY1TGY,Tucker,1991,454
7BW39K8N0DTL35R9A,Hyundai,2018,205
H5CSHELA829KUHD6F,Standard,1998,454
V9X0K6117CXLS0E91,Dodge,1993,177
XF7PX15E6RMFJD36A,Suzuki,2010,446
2TRF2MBB1FU9WG1VK,Lamborghini,1980,146
XT0RG5PH1B4EH9C5E,Moon,1978,381
162FHT343BSWCPY3C,Duesenberg,1995,215
H44U7P91XHMW3RUHE,Ultima,1977,242
E4JL75766PYBRR7XL,Ruxton,2007,149
LK5K0BS78T3BHFK60,Lynk & Co,1988,182
YY32BDCR2YMN3RZHK,Bentley,1982,371
7MTNBK5L39B5Y1WYZ,Austin-Healey,1998,119
TAZG0SHZ0043P8RTL,Hudson,1982,430
DMYX7WVL3LMRSAR5J,Apperson,1996,441
T7MGSP1S2CF4KD9WB,Willys,2024,314
816K5SG522XCBM0BP,Willys,1996,118
R94HTKS83B717DPN0,Mercedes-Benz,2018,318
WC7N08KU7L76AR3GF,Moon,1979,324
XNHFHXWS4DEJJ3RB0,Packard,1985,433
AFYU3B0B1TFP3N746,Rolls-Royce,2024,465
WM8B5MPB50LP4BL39,Willys,1977,282
U0MYSM086EE27AEYH,Ogle,1998,249
WSMAAYV4X2EEMV284,Nash,2010,315
JEDCF2YF38NM0535U,Franklin,2018,435
X0Z8CUDC4YC9BSL4Y,Mercer,2009,275
DBSFSC0G4JSA532Z7,Tucker,1981,472
4ZPN294H03RWNUG6T,Monroe,2015,346
DYUKG8KA5TX77R5D3,TVR,2003,186
K988504947NT41APP,Lamborghini,1980,318
3Z5R99DW7GUFWUJEM,Cole,2007,363
G9DZX4TF1CNUK8C9H,Peerless,1981,367
TSUSW6F61X592K7L4,Overland,1974,142
G0ATJPJR2GTLR2MN6,Packard,1977,147
LSFMV7WJ30K81PAUP,Nash,1979,350
THA6Z0SW1GA72G1YM,MG,2015,312
1711EL558LZD7D0DA,Mazda,1979,293
KD1BK39R342EZEYA1,Lynk & Co,2011,155
9GKEDCMY960LBXA3E,Volkswagen,1980,220
YPSJD5V69G33PEMSN,Peerless,2017,298
J600PC452BX412UAL,Graham,2013,404
57VAE2RP55SHP3SE5,Packard,1989,334
7AZF3M9M8W7M6D220,Plymouth,1984,443
7X65BMS78BU1G1WCR,Stanley,2008,252
3GF26WYG1AC4J8HJ4,Kaiser-Frazer,2012,133
EXRMZEHH9SZ7GF803,Willys,2022,489
7HDZSJ3XX90ZZ02GN,Ultima,1987,192
FCSK7B988ENCCFMLJ,Riley,2014,332
F6BVVZXB4SEMV09AS,Faraday Future,1979,315
LM9P2R1N18ZH4G1CR,Ferrari,2022,307
G14W0A77X9F8U48E7,Audi,2012,157
XDW19NEZ4W8MMAFC2,Honda,1991,197
W7E37S5M7647FFLYL,Plymouth,1973,196
WJ4Z7PF5XW467VP38,Reo,1991,170
0BLJT8FB5MTN4MCJN,McLaren,1995,236
T6AZGP7U0XYL4G8K4,National,2003,380
P2L3E3KA497GWH301,Henry J,2018,318
GKD9JSBB8YWKF3JWJ,Gumpert,2002,286
4CGV889N7YZC1TFTT,Ruxton,1979,333
SWMWAW7G7LLPTNDE0,Standard,1991,295
PT2DUW9AX7DHFNC3A,Moon,2012,194
F724SHM8XLPC00J73,Bentley,2001,355
HNC77WXW7U8J60103,Spyker,1984,398
J5LMX6XV66KFT5HPP,Rolls-Royce,1979,421
94B90FZK86BF4EJN0,Graham,1978,248
BN9A1LF39W2HZ671V,Rover,1974,441
M23821BU3D4229TYV,Kaiser-Frazer,1996,236
2JN3X09U8UZ2ZN2UR,Moon,2005,107
MLM5K1UA51PUWWU26,Suzuki,1975,248
D9F0BMSC6SHDVSHAV,Packard,2007,288
J37J08NX2L8NRMD9D,Gumpert,1982,150
FBL95CXY37G5F7RN9,Kaiser-Frazer,2012,244
PYXUH1DJ8ETA48DBB,Maserati,1978,496
T2H8D7BP1UG814HHZ,American Bantam,1973,148
072W30BP9SR8TLJW8,Land Rover,1972,481
M5HW2WWV9X9F9A61D,Lamborghini,1993,150
WRWT2AA82UXUEEZ27,Vauxhall,1970,204
FTJYDJ5Y98PN8GY4W,Peerless,2009,371
SF2X1FM98JEY0A0PB,Graham-Paige,2001,429
68JKYSKB2CVX2L9X8,REO,2014,173
SM9SPKH14ER5SZ9D4,Fiat,2004,357
CZ903R783458CPK89,Pagani,1983,236
3VJ0378TXASLK27NU,Tucker,2003,324
06HY0WXU6ADWAUWWY,Mazda,1971,290
2N9KE3TW1F5Y0ATZK,Lamborghini,1999,296
A8414ZL01E98FTZ4Y,Spyker,1998,348
MCR2PSJ62FTBT2UMK,Honda,1973,481
T3EGVM227Y7M8AG76,Tucker,2013,376
Z0WM4NEK29M3TYP9C,Borgward,2002,393
A1R2051A966JZ1ZKF,Lykan Hypersport,1990,136
24D5WNJY5H0CCLDTG,Aston Martin,1990,432
DE7WMATC56WY2FZXH,Bentley,1992,218
C4E1K0NL5H59UU83L,Porsche,1985,341
ZF9CMW433U4H67XPV,Wills Sainte Claire,2020,276
N2YDDU322C9URUB0J,Hudson,2022,126
54S3ZZXE6UCBJZPXL,Packard,1979,463
850ZTPS26JXVURZW0,National,2016,379
4BAGCSKW11EBTBJZR,Ogle,2017,187
FGWB98YR105VTNVSV,Fiat,1976,338
B948Z7A004H4DGTNJ,Moon,1997,256
DHZSWHCJ1BRRF5KYW,Hennessey,1982,402
9RFJZV6051E437VND,Ruxton,2014,115
HX0RP948XE0YG85B3,Land Rover,2009,336
3E1XRXALXTS7B6W6D,Tucker,2019,319
SVXN5P817UAKRJUC5,Ruxton,1989,357
94GZEYP554YTJHPVC,Faraday Future,1993,251
R32UNR6W9EG4UBSLX,Kaiser,1979,344
9F3GNGHF1FXWEXCV6,Nash,2015,215
SB5K1RLTXYJH7H3K0,Ford,2017,244
CCWTJ6G49Y1WEG9TF,REO,2016,130
2TASR5FB7TC52UCPL,Nash,1993,145
CK6WMHX30Z2LX4DB3,Audi,1982,394
ACE9H8P86VCDJ8YLM,Italdesign Giugiaro,1975,171
JBZ3YBCH38J5E4J47,Jeep,2020,303
6H5WRY4P6GF9DEA7T,Wills Sainte Claire,1993,195
40CVRKRG3JDG59MGP,Stanley,2016,161
RL4RWDEV5GH8TCB2F,Ogle,1972,307
CM78FFDRX2KZNCCR3,Graham-Paige,2019,355
54VZKP5X101RJYNLE,Ford,2021,440
J0UKNZKC11WUB7FA8,Byton,2002,316
TSPNE3YG3T2L9JMMT,Stanley,1989,469
43FTJRP11GSWUA2GS,Tucker,2012,372
NKB7S6JG25PT204CZ,Packard,2016,162
7LZYECL46WJ1N54GC,Reo,2016,374
SZJGJ6KN79PHC0HYC,Ruxton,1972,260
5LW1VDJ23NEKSH694,Willys,2006,492
JCX182727TPKZ05DT,Lincoln,1979,294
UG88WDSA8R4EZHT5S,Studebaker,1992,425
LKPP79TTXHC7H22KH,Kaiser,1986,145
ZYCK9LEN3FGBZ8AJ6,Polestar,1986,180
BPW27ZHG180J1SJAV,Packard,2009,140
94LCERH83Y7AWAK25,Henry J,1989,134
64K8WV109H0JAC2Y8,Graham,1999,185
RN6ZEURG88GVMT99Z,Nash,1972,317
AHLH0LVH1YK0DEKU4,Bristol,1996,227
MLV4GL5G3PERZABW8,Marmon,2021,476
NZ3ADV205RWXYB1PW,MINI,1972,126
GCRVXM629D7VGWD4Y,Peerless,2010,458
69WKL2BL9EEKNPS3K,Citroën,1973,305
M9BRRNC45V5CN6GT2,Peugeot,2017,414
1BF5SWZJ2LVKGXTN5,Ford,2015,345
EY8SHY8P5B0B3H8R0,Rivian,1970,499
GY1W968P4XD7V1VE4,DeSoto,1992,382
BTGBFVX01UGEVFECT,Apperson,2019,124
ZVSHK7LW1VJUWU132,Peugeot,1991,459
CGKYL3VW3C51E6W2U,Peugeot,1975,343
YL968HXY3NS5XRJGS,Nash,1972,462
TNRPAX7X9H2TKUB2K,Volkswagen,2007,141
NTZKBWBP8ZXCD9MGX,Saab,2010,110
APWHA08C8Z6U0EUZ9,Rolls-Royce,1999,488
JU62JBFM0WFSAJ1TJ,Pierce-Arrow,1983,294
N72XLDK12C8JL8LTX,Continental,1970,247
E79P3PSA0B2X0E0LE,Maserati,2023,456
S879PM741SUKYJ0PL,Nash,1995,464
ZZR4UMG83XDH5ARTJ,Tesla,1997,230
MMAL5NG289YRHFKWD,Austin,2020,424
44DHELL85EWZXDCWJ,Singer,1976,189
UAU56D7P5M8ZBTSZ6,Chevrolet,2023,158
R0BFNN0M1P07WN6BY,Lincoln,1978,194
VTSK3LSD64V68T7WY,Fiat,1994,281
G682BPAL3TTWZ9BW4,Stanley,1979,485
BWC0A9DC8YXJ8YRZ3,Franklin,1970,433
9ERAGL1D6THMPU6M3,Edsel,1992,477
X8AFG4X800V6CPY94,Stoddard-Dayton,1989,161
XSFWG2WM6MZ7YH9MM,Willys,1991,213
C9RRD43M7ZBFBY49D,Crosley,1980,359
X37CMHHB9L2XBXRFA,Graham,1975,326
XU0ZS6CN7WCNZM4ER,Packard,2002,147
DMSHMJJZ4YRMJ7LDL,Marmon,2017,137
3HKDP1574AEDNVTD5,Kia,2002,305
2TRF5JF5XL7RMETW4,Fiat,2003,405
NUX6V4UM4CA40AG1S,Vauxhall,2017,402
WF5UT0MU3LF457S3G,Land Rover,2009,320
24SWDCA10K8VZC6D9,Packard,1971,433
4D381VEF25235R779,Zenvo,1982,145
BH2PLL8T90JTNX2EG,Rolls-Royce,2008,498
32D2ZAPK560XAN7AG,MG,1989,341
LC5V22WW014LJ334B,Bentley,1994,381
AHUG8H9MXTWR0YNL3,Kissel,2015,252
09XA0GF195U40CCBK,Dacia,2010,494
56FAWZNZ76ZALXEUV,Hupmobile,2005,328
T2XW7MUS0PXAXY1LU,Ogle,1997,479
KK5GHN6R8CYLMSZUN,Rolls-Royce,2016,290
VYBL6KCJ90W3435XV,Sunbeam,2020,214
W7LPJDK18S4ZEC0U5,Henry J,2020,150
BRNNSNZG4JAXEX5GH,Gardner,2014,133
GA41ZPGS51MJP4DR5,Byton,2014,165
GRB0DXL08BE8UV1BA,Wills Sainte Claire,1991,497
KW8A478E0YD6WPKLG,Mercury,1972,242
U2CB4WXY2AY2DZJNN,Overland,1990,107
K0SPR5XG6YHA4FDTB,Willys,1988,159
74RJP2F2056DBKGXL,Packard,2018,328
71C042MN6GNLEWARK,DeSoto,1996,276
TPJ04ZD42Y0488N7E,Ogle,1983,491
9YN4W0742C4WUJ3NZ,Bristol,1991,231
S5TZ25655790TKVE2,Cord,2018,187
3N0THBJ75UMT96SFZ,Rolls-Royce,2009,330
LCDTGEDT9KCD9N3KR,Bugatti,1997,176
S5U1XP0K2BTX5B8SP,Mazda,1987,388
1VN39LP34UNMX463J,Aston Martin,2023,254
BH9KHTB1257UJPY4B,Volvo,2006,107
692ZJG4J4XCL6F72G,Hudson,2022,244
CFNU7P4R0PTUAJWYX,Stutz,1980,337
AA6BRFZ005P4PSLUX,Crosley,1978,329
EXSDPRF08XMAT33VV,Crosley,1988,380
DSBSBB199ZLACHACK,Hudson,1981,274
V2LKTVM31UBARZPS7,Case,1988,115
14ZWK24H2J29TXBM2,Stutz,1995,145
4AYU3XJK4DAGTVZLJ,Tucker,1985,446
B4P5535K58B75L7C6,Ruxton,2008,106
ES7BBGTB04HKXC5LJ,Willys,1981,141
61KNRLCK8XDC0PSH7,Studebaker,1972,442
HU1MDV5P59BPTU859,Monroe,2000,109
PV676UVN86YR98GZ7,Audi,1975,388
Y69PRWWW7F625A2XF,Willys,1998,124
HHJW6DXPX24PW1B1F,Edsel,1990,295
0TCG9D4P9B5EW5ULB,Reo,1999,163
04GUSS9H6A3CAA89N,Stutz,1988,119
JTDKYX1YXGNF3ZYTG,American Bantam,1994,109
B0FLDY1W2FBSPP5H1,Renault,1998,156
LGK4NL9W9J5GZ31Z3,Ascari,1991,411
XSAS1H0M8LWG001ZR,Willys,2012,350
1S5DE4P0852KV31TV,Franklin,1981,197
EY1C8SE47SMTJKN4J,Citroën,2013,129
NSAEM7FS66UUDU4E2,McLaren,2006,307
014KPXV754FL3MPY7,Renault,2012,329
S4E9V1HS56FTNE3MV,Zenvo,2019,407
G7VJAZP02TVXN4VM2,Tucker,1973,288
BA0M2HGC7ZBFRCPWD,Gardner,1972,151
MDK1T10L6B2WH6D4E,Hudson,1993,161
JKHXMGWE8HANK6R9J,Cole,1975,296
UHJZETPD2L3D2WE3B,Riley,1980,132
3P5T25CK97A69U1PK,Willys,1975,359
VHETZAPC3L78UF9Z9,Audi,2015,104
KL0EG0886Y82FJ62T,Franklin,1993,436
5315Z1115B271H5JR,Volvo,2020,311
KW47KAPL4VL2MEVW7,MG,2013,496
CDYPRXKV60WEKA31U,Kaiser-Frazer,1998,123
6DD0MGFR84NAYYKVS,Studebaker,1981,115
HTGLYEV243C75975R,Continental,1974,192
RJ9YGMRX7TTL35E6K,Nash,1991,266
JAJZDBR24EHG3WD49,Packard,1997,169
H47M0XWW50CMN32N6,Vauxhall,1994,456
BXU6W9ZH0XA3D4T01,Hudson,2010,158
CAXJ9T94X09DN2YPV,Pathfinder,2004,444
49NHETXX0NGZV36AP,Kaiser-Frazer,1994,180
ES7BL2VX4KN8WKSN1,Chrysler,1994,264
EF3V9PVC8AN6BXZ0M,Stoddard-Dayton,1988,207
83YYVVKTXGH6KDGGJ,MINI,2012,366
KDTUU24SXMXE3GY8Y,Studebaker,2005,405
THKJ79P59EJN11GAB,Kaiser-Frazer,1979,124
DY5KSV4P1MVWDXD2J,Hyundai,1992,446
8T9ZZC6G205NJ6HLF,Triumph,1999,180
EDRV469P2HH9CF4B7,Land Rover,1993,319
441V2WLF1AGELF96F,Hennessey,1999,364
L7X9VC400A9M8X52G,Land Rover,2015,426
G6XHEKRJ1DVFB06NY,Mazda,2014,282
L2WYC4GH8CAA2KM8A,Willys,1983,357
YNXDJJ9N761RS5J68,Stoddard-Dayton,1999,313
U11PLJWW3R1MMWHRJ,Yates,2016,328
0ZUB5TMN8KK5PFHKD,Suzuki,2009,255
TNVAPRN50LXH9V0KZ,Land Rover,1985,315
H5RW5W2S0E0G7EHGX,Donkervoort,1982,305
HSKTG1GM080D7RKMV,Nash,2021,401
TES5DMZZ7EKE2847D,Ferrari,2022,171
HAU7NXF178WC3KVTF,Austin-Healey,1973,481
GPRFA1WW7XWABBS9B,Hudson,1981,343
97CFVS9Z665RX1ZL2,Ruxton,1994,169
W62D4J2JX0X5R9HXD,Lynk & Co,2012,428
V0EGHBZW0YBLM2EPA,Crosley,2011,382
XWUZ7RMM7007HPDZ1,Spyker,1995,235
0C7K31P050MHJSSMN,Monroe,1994,189
M5Y0U09E6NDFBPXPE,Spyker,1992,303
K4L8V0MK8FN3CGEK8,Triumph,1976,225
AN4G3SJ0XV2BYTCDW,Rickenbacker,1977,311
8J44Y5KX7XX9BR1NM,Playford,1982,383
AJ0N4BWJXHDLVNZJS,Peerless,2006,224
EF1AMJYP7G4PL639Z,Nash,1981,359
9HKXRTDY4RS98YUMX,Playford,1988,262
BNGKP142225TD3066,Audi,2011,425
7JMAP5VU0KDMWHSP3,Packard,2006,423
SL1R9ZL29BRMNKPV8,Genesis,2023,294
C4CM0LGF4UWTYJ15C,Škoda,1976,463
HSRE54LN6042GAYR8,Mitsubishi,1991,308
EJSR8MUA8J3PHS60U,Stutz,1984,474
JCR6MSSU4MWCMK34X,MINI,1985,219
061Z3WLL0WZ86UREG,Koenigsegg,2003,207
YN1BL6J566EHSWBKN,Suzuki,2010,483
22UUSNVJ9NYDBNMTF,DeSoto,1989,130
UNTS46KH2AR1RTZWR,Ruxton,1995,387
TGYVPWBX3BUPV1UC9,Moon,2010,137
4ZXWSKHBXSSGRG1PX,Packard,2010,399
VYYR4YGVXJ6T6E9YJ,Lexus,1981,296
DCN0RNSHXJJ67TS89,Borgward,2013,198
1P6XPUGY1AWBKM3NY,Graham,2006,198
Z4SL5NR177WJFC17D,Volkswagen,1998,311
UHY63UMY9N866JXT4,Polestar,2013,455
VGAX89PJ4CFK3FKRS,Land Rover,1982,369
EC5BK3UT1EZMA398S,Kaiser-Frazer,2012,189
05AZ7LFY1DM9GGZ9N,Hudson,1980,138
R66KYLYV2CTYN83AH,Continental,1973,372
RCCVREXP5T8F358TF,American Bantam,1977,124
RXLV9W7M7MKTSSFYE,Hudson,1985,277
ZCV9416P754EE3J65,Infiniti,1996,479
NB5UM94B3Y4BAU9SH,Rolls-Royce,1974,132
UNY5KL1H7JBY9LRG6,Plymouth,1976,280
UMW8FUE01UDUEE20F,Pierce-Arrow,1986,314
S3TYHWKM5V3SGB53S,Moon,2001,390
EY8JXCB34XXDJKTYX,Mazda,2014,176
VN9US9R88GHZ07YUZ,Ogle,1985,263
2YYJZFBA6JE7WDKMJ,Hupmobile,1981,210
LHTMYDEG9YLC3A2H1,Yates,1980,246
T4FL764R5221D0L6B,Hudson,1974,312
DRVCCRDJ4JVGW99Z8,Cadillac,1974,278
J2WVMHC24FVD4SWG3,Škoda,1980,402
AFWDYBNJ33VGTS0YF,Land Rover,1997,208
0LXWUHVT5LN7KUBD8,Packard,2018,177
1FRK8MA0XA27FUBEY,Crosley,2016,189
W14WZLU615F52HV6W,Franklin,2020,346
X36YR5NY4WSHA64J1,Hudson,2022,119
WE66V20C9ZNVHVSPM,Nissan,1988,123
3YBFP0EF6AKXWM1V0,Dacia,1980,249
F4ZERN3H0E09YDHJP,Willys,1978,229
AYW13G1W6C4LVXRB2,Moon,1982,127
N6VK9DG49U81E6V56,Kaiser-Frazer,1981,289
DSGMTPZE9TLSKJ2PD,Graham-Paige,2023,268
ER34VGRL1SCLZKXL7,Chrysler,1989,500
EFJ9L3VF4W3F7GHLB,Land Rover,2015,267
BNPYAT4V4JX947EWB,Pagani,2008,430
9VZBHW195ZGRZGBK8,Chrysler,2003,469
5BUU1DSN3LDJT09L7,Tucker,2017,402
G1M505715NZPZV52W,Morris,2019,125
1BF448UM6XWNFGX1N,Koenigsegg,1976,477
JTDKCS9N3JKY1SWBA,Studebaker,2018,249
NYDRPU3X7YEKGVJ6C,Maxwell,2006,254
Y074UJX9066K3BG8L,Nash,1998,499
WUP2EY968P0JFCNF3,Subaru,1991,297
VF7CL6BE9XFADJLBL,Lynk & Co,1975,491
V3RHF9B81SXZ5YT9K,Italdesign Giugiaro,1974,321
Z5ZYC5UC4654B1MWH,Kissel,1978,339
NN0R42907BCG96L8E,Hillman,2009,385
CSFL47YR1HCFPECFZ,Cole,1979,225
F1GN5KL85C00P2YTX,Nash,2006,255
T8CPZSPA5TS8D3GSU,Willys,2010,451
RSABX24M0VEEW4KEA,Land Rover,1999,393
S8L2D9BB0J5Z0WRHY,Rivian,2004,340
B2T52D1UXE4DR7GKV,Riley,1998,324
JXPMULHA7ZGRCH0YC,Hudson,1980,170
SN358BXK1WFTATZBF,Oldsmobile,1977,400
4LE685KB02VGTG7ZU,Land Rover,2024,249
AULLKC9V59X56M13T,Bentley,2007,424
BX9LLV5F9PU8KT60Y,Ogle,1971,461
E7D4NSVE8XGM38S87,Porsche,1980,169
EKHW6Z4N9YCPRF1MR,Pagani,1981,308
HXZB2MLJ0NTSC3G7R,Daimler,2023,434
CAATX7UR0DR5EDJKH,Borgward,2016,115
710132PM1S6K3TXEJ,Honda,2003,391
N9HJEEF816R6SB5U1,Ogle,1984,128
622PREL1309ZEVSWR,Polestar,1997,497
UECC8TMW8DNFEAHF7,Citroën,2005,196
P3NX7CX355RTSRLWD,Hillman,2013,404
3NEUZ65F5HPN9Y411,Cole,2013,485
X7417ZBU7WG2VP9G6,Oldsmobile,1975,484
3L3RSEH8808EBPYYU,Hennessey,2021,459
MG7Y8V83480MCRM58,Peerless,1997,236
1NG6JWK30P8ART4G9,Moon,1977,123
B69Y093K39V2MJXGP,Volvo,1995,211
UEXA97UX7Y20751Y2,Rover,2019,240
8Z79AFFTXBMA52AEW,Hennessey,2004,265
A9XR53E523D7PBXG4,Lincoln,2001,332
3C25HU720BVW9BKWA,Cord,1984,254
FC1FYZY62X3A0G54U,Crosley,1991,207
9BBF8SPF8WA18JVFS,Lexus,1972,155
KKE3VD4B87AJX62VM,Tucker,1986,270
AXJ1PDUW81CE6H22S,Packard,2001,173
KXTJPHAS1EJPL64XK,Mercury,2009,416
AVYSM7968KJXNZH4Y,Graham,1972,278
KHC439YP4MTWF1KP2,Pagani,1997,257
E8S2BFJF1F050FCCR,Dodge,1979,284
KF79GW0G1NF5CKXVX,Ford,2005,268
P12YCYMR62MJ99M72,Packard,1985,261
Z9B3TU709W9PJG630,Plymouth,1984,262
SS0L5CPB9XHG6XY7U,Crosley,2001,212
586LENM7764MA0ABA,Peugeot,1985,223
YECDPA9R047SBS8DG,Byton,2010,147
U50NM0GL4BSV47J3M,Sunbeam,1974,330
VDL9TXGH1WT4LMP6S,Stoddard-Dayton,2022,441
U2KDKSDH0PSDBL0XT,Willys,2013,240
JL8XRUD30SVXYB885,Koenigsegg,2016,388
9TRV7H02270W9J7PZ,Packard,1976,387
771ZTBRL51XYTRAZU,Healey,2000,433
NLJU145C9E72R7NHP,Marmon,1973,373
UDWS4GHK6M764DR4M,Willys,1981,251
HBB5773F8U4WLHZ2M,Pathfinder,1994,344
7KUPMSV04X8L6E4PS,Graham-Paige,1975,500
TR8K184J2ZN8W486W,American Bantam,1974,334
ANNJ4FL90L6PL805A,Acura,1997,392
F1VP74137V5GTFVW1,Oldsmobile,1973,246
P2W99E7H0CD85HDRK,Nash,1993,448
5YD3G7V396CT3BVYE,Jaguar,2022,323
B2W95BS344DS9WEY4,Singer,1988,190
85ULYSDUX1TD3PG1S,Bentley,1973,329
29N29EKP1GHXW6VNM,Graham-Paige,2013,322
HHMZ06EL4ESEY5RY6,Tucker,2011,317
73SKL3YU35XP0VJN9,Mercedes-Benz,1988,363
BU13R9F629G568MUE,Fiat,2010,469
LD8DXP0L1WBE5HWA9,Checker,2009,406
RH6FK0DC9K0C8JCMH,Moon,1988,489
AK27Z3J59S6VZNDS2,Jensen,1988,448
T00EL1JH7MKRJJX4G,Ascari,1992,263
8W9LSRD18J95SKV26,Henry J,2022,497
HXR3055K1DMKTTYC7,Mercedes-Benz,1980,264
PYFTFXRH9K0T4C56H,Porsche,2014,170
0T8AC7MA5F6DSPUS0,National,2010,115
NKNRWFN55MP46AURN,Plymouth,1988,441
F70399PS04RWNL489,Rivian,2013,364
GENN2R8S22LKNANF4,Winton,2015,236
V2ZF1AW08MUYSF00S,Kaiser,1990,347
TWB4YBTM53H3EK6BB,Lucid,1971,266
T9YURRW11W1U7FG1U,Kaiser-Frazer,1999,342
6919DGFV0MCSLSE1V,Marmon,1987,199
7WC4MN9L0EZUXGD1C,Graham,1992,238
017HC3VA56TL7ZY27,Hudson,2011,166
V4YV3T2P40R94J0ER,Packard,1983,224
7WTZ8M2A6F2L42REZ,Land Rover,1970,153
J8AAZ3KD5KACUW5Z6,Playford,1983,290
XZ9S6KHA91B2JF6TX,Lynk & Co,1989,396
T42GUMY98GG99L6LU,Packard,1993,433
NKY1YZ32779R5L6ET,Ultima,1980,163
14F5HYJA2TUGCA21G,Bugatti,2000,245
KNENA5DS58G3XA1M7,Bristol,1977,320
GZHRCBXNXL856B2T0,Sunbeam,1999,373
ZPKBXDT42ABK3VLB7,Overland,2014,482
VPV03NL899ZL196X1,Jeep,1992,190
TE9A9TVB32FLT521E,Graham,1999,221
5Z21YCW9XSTLXWNY4,Stanley,2022,193
6SAKCGXB62P4AJ29V,Henry J,2020,368
YGH8BUHM6GN1SFAY0,Healey,1978,490
W4KUSZG01AXJ0U7WG,Moon,1971,251
GNYPPLHZ2XX9BWD8S,Mercer,1985,361
D6JVGG2U4R4ET4H34,Reo,2000,449
TDEVP2S63Z0M60R2Z,Packard,2003,320
YFK6VCRN2H5N4CF8R,Byton,2011,410
9WRLLECY2H1JP2TEA,Rivian,1992,415
6AHS1B1V4HGBN8B7C,Jeep,1992,236
VUAZUU766UZ9J6D3B,Bentley,1971,299
G4AY9RVJ0EGMBM7XC,Continental,2010,217
A25NFV1HX788PAP4B,Case,2013,494
YPJBASXP78GJ51X47,Lamborghini,1972,161
ACJT8K8U60JFDUS1V,Henry J,2016,466
2RX9A41H367MF93SM,Spyker,1991,459
TGFM62TT50DFK9612,Chrysler,2003,121
BL140YCU1ZA2G43KK,Case,2001,362
UJNDZU8A8ZABU4EL5,Overland,2011,310
4ZVXBGP81B1921LSF,Healey,2013,205
07KPAZDV0ZUEV76VX,Maserati,1976,215
E03T7N437LVMBKDC4,BMW,1974,469
YBW1PLE27W6YY5EFP,Willys,2011,212
2VJJV5BH866Z4066P,Playford,1974,265
J6STBJ4G3PJC87198,Crosley,1986,420
AWXHRFFDX0HUBJNMH,Tucker,1978,421
3MY6ULPY4YSPKCLWF,Vauxhall,1989,400
D272U0N00RJKDGC2S,Kaiser-Frazer,2007,396
5M3WHE1Z94G1C3CUY,Willys,1995,428
TMWAAWL07TLTMAB66,Ultima,1979,313
H4V7DNA63CCFVTNAN,Nash,2006,200
C5S61ANP2SM01593R,Reo,2018,206
P4L9FZ3M19FR0SLGL,Packard,2003,201
C7R6KB2SX2VE2PLMG,Chrysler,2015,474
VPKY0UBUX5MGF4GSS,Toyota,1977,332
RGHAWPD11FD5FDDA4,Kissel,1992,260
33XB8X7A0V6DT5ENW,Mercury,2015,440
DLD0A83F35VA829KG,Velie,2017,394
4KF1JFJLX2G11XPGC,Pontiac,2012,300
KP93AX1K3RES7RKY4,Studebaker,1972,238
19DPJPFU2A4VBXCCG,McLaren,2014,241
HVG6C9R18JR0YRRMV,Suzuki,1989,496
AJPP9GVJ5AY3LKAXU,Ultima,2018,325
BM2S0U9057ZT2DAM1,Kaiser-Frazer,1971,294
8MYVMGW358CA39MU9,Riley,1971,354
P4HYKWU29T5K430JF,Donkervoort,1993,464
5TC932AT0NR5GPHL9,Willys,1995,147
JFLZ2J0Y3R3910KFL,Land Rover,1987,187
VUBC53PB9W83YC5DA,Cole,2022,479
CT7U3X7YXFBWSXP09,Faraday Future,1989,437
8H3R086Y902V9BYJ0,Nash,2017,453
PDERCRCB5MGA9NERZ,Zenvo,1974,417
X6152UCA7ZZCC15NC,Graham,1988,400
19L76A7B6240YLJYE,Tucker,1971,484
2AC76J729ZW870UP2,Lynk & Co,2015,174
7DCXRZRD082R1R810,Ferrari,1998,278
WH315NAS09K6YM6KM,Nash,1997,291
TUB9UJPU7B7EBDBA7,Hupmobile,1980,142
T0C9NS7H9X03SX8T2,Pagani,1973,437
KB314FWL20TY23BGF,Genesis,2011,339
DPJGDE5B0ULS12564,Jeep,1973,201
F9XKZCEH9LE1S52EL,Continental,1999,387
AHM9ZK1G3YVGPR9WK,Alfa Romeo,1976,370
KESKWPN7430KL2MR1,Mercury,1979,202
JVRSNXTRXHP8K7ZCR,Nash,1980,307
HJW9XYT00P85ZBPAC,Ascari,2007,160
SMYK8K9111XDHPND5,Zenvo,1980,218
XEJF4MRH6PU22V0S4,Land Rover,1978,239
ZT7L9EE77DPUL90E6,Vauxhall,1970,302
RULXCYBX0XLCM8E5X,Graham,1991,303
E4AFM4R51AHUJWMC1,Ascari,2002,498
WECFNL3K0ZK47HD1L,Willys,2006,378
18X8XGKD9G10GJVWV,American Bantam,2005,103
JP4M778X7CA0KZH22,Lexus,1984,147
8W8E4X3G5NF7H8AHH,Hudson,2011,139
JF9GLKP754CSFE5Z0,REO,1981,406
4FT4ASZA9W97ULEY4,Yates,1971,208
GVZA0PHU126PWC8US,Koenigsegg,2000,458
X8PXMG2342AZMEYNV,Tucker,2005,157
N5MYVYU23YS72DCG4,MINI,1991,239
V3L5SH0B2LH0VGRTU,Gardner,1985,247
SXWV8XTG9E0SXG70U,Hudson,1998,108
55BWHLM91ZZ3JZFTB,Suzuki,2015,112
GFKNMJ41XK1G7K4DA,Volvo,1999,231
DBG0P08NX6UGCWAJ6,Tesla,2009,483
6RWN5B7Y8KC5M9YP6,Jeep,2015,312
P9N86P1KXG5HF75TF,Packard,2007,409
X8Y10T251Y6MEFPRY,Nash,2013,111
DACKWZ3K11VLVS2D1,Tucker,1981,224
WJUTN7KT51H3W71NS,Franklin,1976,274
H2N4R18Y2GXMTWFTT,Hudson,2024,363
BHJSM0LM79ZRG1202,Franklin,1981,446
EYMU204U9BKN6AG1A,Vauxhall,1971,319
6WKMARWS87RJJ28B6,Volvo,1989,193
KXJT0REL6JM7WG41X,Ascari,1978,281
GU5ZPWAY608AC8Y6J,Ford,1976,338
6J6BXVGYXTW5LX73W,Maxwell,1989,321
CDKC1JZY81K3TX1DL,Peerless,2016,277
BYP66UF58MB3G0RJM,Pagani,1970,267
WU4HGJBF02P602WER,Jensen,1995,103
LKMLKY0276Z05WV0A,McLaren,1984,361
L71RFKN2002VCR05T,Ultima,2013,300
HPE8ASVV38U50B61P,Saab,1994,419
PX8BDGL61F2XCUFTZ,Pontiac,2012,216
EWYWHBVL0XMKEH3F2,Tucker,2024,270
BYWZYD3C3GBBWHN2S,Studebaker,2005,338
MYUHHM8R9HC8RTJ67,Ruxton,2024,267
93U46DLL8DDJ1ZU30,American Bantam,1985,407
GX1077FF6ZXUBDNB1,Nash,1970,350
WJ4WCL327X0L07L96,DeSoto,2014,240
92M1XEXB3EEWW2XZ6,Studebaker,2009,377
G8EALZTS8B28LPWTH,Singer,2006,482
X0GDGAJ02VB07HMPF,Land Rover,1982,398
WXD8N7HJ9Y39GUY3P,Ruxton,1977,303
7LB08NXS8G9UBGNZE,Lexus,2017,289
N1RTN11S5A1RW7LL1,Pathfinder,2012,493
KHYKJYUD4FJTR49S3,Kaiser-Frazer,2009,289
AAVW6CAF9FXBEG922,Mitsubishi,1993,494
ENHFMPBM0K93Y4KM9,Ferrari,1985,121
XDUKNX6Y7XD285E1J,Byton,1987,428
MFAL4WPC5TL44RUSX,Packard,2014,331
XDZ4L8Y78B206LUPA,Lamborghini,1982,182
NZTWTMUC1KPRT7NU3,Tucker,2020,433
982LA5E8921JVA28U,Stanley,1984,441
YE6VWRC0453BT62M5,Ultima,1982,398
N9MC22R35VRL0723R,Studebaker,1997,255
LGZJML0L8SVFNWCB3,Singer,1983,332
53SRV06P7XAE83V8G,Mazda,2023,419
KTK2RU9G4FHSVPZNF,Nash,1990,228
EE8B6K7N7D65X3B6R,Nash,1980,384
PEY3Y5YD0DELCFRAV,Franklin,2017,468
31UVCH897GAV8FXCS,Hillman,1978,330
7DSXSGKDXSZ5R5L3N,Daimler,1979,327
SNX9WSA36Y89TJ8GK,Packard,2002,316
SMKBFU3D1KGNFEMVK,Packard,2010,143
PXAAWF2R88P73TKCA,DeSoto,2012,260
9M7C1N3S73ML1148B,Bugatti,1990,219
06ZHGMFA4AXZ9LA3G,Mazda,2008,324
854VNG2S7XL4PX5P6,Wills Sainte Claire,1983,361
RXXB6P5K44EH6HKS9,BMW,1977,374
V7PBZBGD671ENT69Z,Volkswagen,1973,361
7X8LY37N7UZNS5E5P,Case,1996,435
RU433RN8XH58GFCSW,Kaiser-Frazer,1993,496
0SRDBVS41TXAM1D83,Marmon,1988,188
CDWL8J0U4GEA833T3,Crosley,1970,338
E9LRZDU973DYF1WHM,Aston Martin,1978,265
6XUNRZ5911L2S3SJX,Hudson,1994,170
5D3C705B8KF3Z5ZTW,Marmon,1996,412
8J8HZ6861BWHRBW6F,Moon,2022,192
W9CSGYKRXK3GRG9TC,TVR,2021,358
EVJFHCFV73UXGG6UF,Maserati,2011,471
V5GK5J1R6BZGLG9AL,Playford,2007,388
GJBMYTFF77T4X30VM,Tucker,1974,127
TSWY228Y0KWTV0WAL,Lucid,2024,277
0B1R8RWN7AU9XE4BJ,Kaiser,1971,320
PJNC1TMW6B4DPK6MX,Plymouth,2014,231
M70ZLL8505426XTP5,Infiniti,1983,185
WFT5X69J5CAM074HF,Hudson,2011,162
CDLSTV008NH4W44NR,Packard,2004,334
M1ZNG81V2MB7BB2RZ,Polestar,1985,230
FG4TN86X2ECHHBE36,Hudson,2002,170
Y0BK09W1300KV9U7L,Continental,2008,474
5A32UKW736TR9ANZT,Nash,2003,134
L2T7VGPA962PRC1GP,Spyker,1989,256
AHE0856F0KGAJ7EZX,Hudson,1994,124
FK952GE920G1XV9DH,Saab,1998,311
Y44XZY3459W1KPHYK,Moon,1970,269
XUY2WMWN5WCZDCH3C,Koenigsegg,2004,495
5EYG3H5F9BL5JKEY2,Chrysler,1981,431
NUDCUULA960AL6YSU,REO,2005,371
NLLS2X6065HF163YH,Holden,2008,252
DRWHL9PX7XM6BKHXZ,Stutz,1973,468
JM58GFJR2065WNW0M,Gumpert,2024,467
KZTDR1B8217JH2CE6,Kissel,1982,350
C3DN4WBC53ZHE78HR,Stoddard-Dayton,1974,303
RXNPW6W43NW2ELU96,REO,1976,385
L0MUDTX05GLHRXS67,Willys,2013,159
8T9GWYWJ7VNDBMXAH,Mercer,1987,261
M61FY2TRXBSJFA7R7,Pontiac,2017,299
58MWB37U96B4V7LUU,Standard,1976,161
JG4XW62R16P2PAT7Z,National,2014,310
VBSLG78K3N98J8E2V,Tucker,1970,112
JV2L5PMS9EGGZP7AZ,Land Rover,1971,276
2PDLPGVZ4L76TV0LP,Hyundai,1999,200
HHDEGSFY37ADJAB97,Graham,2012,223
KTMY9BVE3K3ARBKE8,Gumpert,2009,140
